countryLabel,isoCode,Distance from the equator (km)
Greenland,GL,7124.48
Iceland,IS,7124.48
Norway,NO,6679.2
Finland,FI,6679.2
Sweden,SE,6567.88
Estonia,EE,6567.88
Latvia,LV,6345.24
Russia,RU,6233.92
Denmark,DK,6233.92
Lithuania,LT,6122.6
Belarus,BY,6011.28
Germany,DE,5899.96
Ireland,IE,5899.96
Kingdom of the Netherlands,NL,5788.64
United Kingdom,GB,5788.64
Poland,PL,5788.64
Belgium,BE,5677.32
Kazakhstan,KZ,5677.32
Czech Republic,CZ,5566.0
Luxembourg,LU,5566.0
Ukraine,UA,5566.0
France,FR,5454.68
Austria,AT,5343.36
Slovakia,SK,5343.36
Mongolia,MN,5343.36
Switzerland,CH,5232.04
Hungary,HU,5232.04
Liechtenstein,LI,5232.04
Moldova,MD,5232.04
Slovenia,SI,5120.72
Croatia,HR,5120.72
Canada,CA,5009.4
Serbia,RS,5009.4
San Marino,SM,4898.08
Bosnia and Herzegovina,BA,4898.08
Romania,RO,4898.08
Monaco,MC,4898.08
Kyrgyzstan,KG,4786.76
Kosovo,XK,4786.76
Bulgaria,BG,4786.76
Andorra,AD,4786.76
Italy,IT,4675.44
Vatican City,VA,4675.44
North Macedonia,MK,4675.44
Georgia,GE,4675.44
Montenegro,ME,4675.44
Uzbekistan,UZ,4564.12
Albania,AL,4564.12
New Zealand,NZ,4564.12
People's Republic of China,CN,4452.8
Armenia,AM,4452.8
Spain,ES,4452.8
Turkey,TR,4452.8
Azerbaijan,AZ,4452.8
Tajikistan,TJ,4341.48
United States,US,4341.48
Portugal,PT,4341.48
North Korea,KP,4341.48
South Korea,KR,4230.16
Turkmenistan,TM,4230.16
Greece,GR,4230.16
Tunisia,TN,4118.84
Algeria,DZ,4118.84
Iran,IR,4007.52
Japan,JP,4007.52
Malta,MT,4007.52
Afghanistan,AF,3896.2
Uruguay,UY,3896.2
Argentina,AR,3896.2
Australia,AU,3896.2
Cyprus,CY,3896.2
Pakistan,PK,3784.88
Morocco,MA,3784.88
Syria,SY,3784.88
Syria,SY,3784.88
Lebanon,LB,3784.88
South Africa,ZA,3784.88
Iraq,IQ,3673.56
Libya,LY,3673.56
Chile,CL,3673.56
Israel,IL,3562.24
Jordan,JO,3562.24
Jordan,JO,3562.24
Palestine,PS,3562.24
Palestine,PS,3562.24
Palestine,PS,3562.24
Egypt,EG,3339.6
Lesotho,LS,3228.28
Kuwait,KW,3228.28
India,IN,3228.28
South Africa,ZA,3228.28
Nepal,NP,3116.96
Bhutan,BT,3005.64
Mozambique,MZ,2894.32
Eswatini,SZ,2894.32
Eswatini,SZ,2894.32
Bahrain,BH,2894.32
South Africa,ZA,2894.32
Taiwan,TW,2783.0
The Bahamas,BS,2783.0
Saudi Arabia,SA,2783.0
Qatar,QA,2783.0
Botswana,BW,2783.0
Paraguay,PY,2783.0
Bangladesh,BD,2671.68
United Arab Emirates,AE,2671.68
Oman,OM,2671.68
Cuba,CU,2560.36
Vietnam,VN,2337.72
Cook Islands,CK,2337.72
Tonga,TO,2337.72
Mauritius,MU,2226.4
Myanmar,MM,2226.4
Bolivia,BO,2115.08
Madagascar,MG,2115.08
Haiti,HT,2115.08
Niue,NU,2115.08
Mexico,MX,2115.08
Mauritania,MR,2003.76
Zimbabwe,ZW,2003.76
Laos,LA,2003.76
Jamaica,JM,2003.76
Dominican Republic,DO,2003.76
Sint Maarten,SX,2003.76
Vanuatu,VU,2003.76
Fiji,FJ,2003.76
Antigua and Barbuda,AG,1892.44
Saint Kitts and Nevis,KN,1892.44
Belize,BZ,1892.44
Bolivia,BO,1781.12
Sudan,SD,1781.12
Brazil,BR,1781.12
Philippines,PH,1669.8
Guatemala,GT,1669.8
Yemen,YE,1669.8
Eritrea,ER,1669.8
Senegal,SN,1669.8
Cape Verde,CV,1669.8
Zambia,ZM,1669.8
Dominica,DM,1669.8
Thailand,TH,1558.48
El Salvador,SV,1558.48
Honduras,HN,1558.48
Niger,NE,1558.48
Malawi,MW,1558.48
Saint Lucia,LC,1558.48
Saint Lucia,LC,1558.48
Samoa,WS,1558.48
Yemen,YE,1447.16
Mali,ML,1447.16
The Gambia,GM,1447.16
Saint Vincent and the Grenadines,VC,1447.16
Saint Vincent and the Grenadines,VC,1447.16
Aruba,AW,1447.16
Barbados,BB,1447.16
Nicaragua,NI,1335.84
Djibouti,DJ,1335.84
Guinea-Bissau,GW,1335.84
Burkina Faso,BF,1335.84
Comoros,KM,1335.84
Grenada,GD,1335.84
Curaçao,CW,1335.84
Cambodia,KH,1335.84
Peru,PE,1335.84
Chad,TD,1335.84
Trinidad and Tobago,TT,1224.52
Venezuela,VE,1224.52
Costa Rica,CR,1113.2
Guinea,GN,1113.2
Panama,PA,1001.88
Nigeria,NG,1001.88
Angola,AO,1001.88
Ethiopia,ET,1001.88
Timor-Leste,TL,1001.88
Tuvalu,TV,1001.88
Papua New Guinea,PG,1001.88
Solomon Islands,SB,1001.88
Sierra Leone,SL,890.56
Palau,PW,890.56
Sri Lanka,LK,779.24
Ivory Coast,CI,779.24
Sri Lanka,LK,779.24
Guyana,GY,779.24
Marshall Islands,MH,779.24
Federated States of Micronesia,FM,779.24
Liberia,LR,667.92
Togo,TG,667.92
Benin,BJ,667.92
Tanzania,TZ,667.92
Suriname,SR,667.92
Indonesia,ID,667.92
Ghana,GH,667.92
South Sudan,SS,556.6
Colombia,CO,556.6
Seychelles,SC,556.6
Brunei,BN,556.6
Cameroon,CM,445.28
Central African Republic,CF,445.28
Democratic Republic of the Congo,CD,445.28
Republic of the Congo,CG,445.28
Maldives,MV,445.28
Burundi,BI,333.96
Malaysia,MY,333.96
Equatorial Guinea,GQ,222.64
Somalia,SO,222.64
Rwanda,RW,222.64
Singapore,SG,111.32
Kenya,KE,111.32
Nauru,NR,111.32
Kiribati,KI,111.32
Gabon,GA,0.0
Uganda,UG,0.0
São Tomé and Príncipe,ST,0.0
Ecuador,EC,0.0
