countryLabel,isoCode,Population
India,IN,"1,417,492,000"
China,CN,"1,404,890,000"
United States,US,"341,784,857"
Indonesia,ID,"288,315,089"
Pakistan,PK,"241,499,431"
Nigeria,NG,"223,800,000"
Brazil,BR,"213,421,037"
Bangladesh,BD,"169,828,911"
Russia,RU,"146,028,325"
Mexico,MX,"131,001,723"
Japan,JP,"122,810,000"
Philippines,PH,"114,123,600"
Democratic Republic of the Congo,CD,"112,832,000"
Ethiopia,ET,"111,652,998"
Egypt,EG,"108,613,296"
Vietnam,VN,"102,300,000"
Iran,IR,"92,417,681"
Turkey,TR,"86,092,168"
Germany,DE,"83,497,147"
United Kingdom,GB,"69,487,000"
France,FR,"69,081,996"
Tanzania,TZ,"68,153,004"
Thailand,TH,"65,826,149"
South Africa,ZA,"63,100,945"
Italy,IT,"58,932,330"
Kenya,KE,"53,330,978"
Colombia,CO,"53,057,212"
Sudan,SD,"51,662,000"
Myanmar,MM,"51,375,327"
South Korea,KR,"51,111,158"
Spain,ES,"49,687,120"
Algeria,DZ,"47,400,000"
Argentina,AR,"46,387,098"
Iraq,IQ,"46,118,793"
Uganda,UG,"45,905,417"
Afghanistan,AF,"43,844,000"
Canada,CA,"41,472,081"
Angola,AO,"38,778,554"
Uzbekistan,UZ,"38,382,685"
Poland,PL,"37,296,000"
Morocco,MA,"36,828,330"
Saudi Arabia,SA,"35,300,280"
Malaysia,MY,"34,374,300"
Peru,PE,"34,350,244"
Mozambique,MZ,"34,090,466"
Ghana,GH,"33,742,380"
Yemen,YE,"32,684,503"
Madagascar,MG,"31,727,042"
Ivory Coast,CI,"31,719,275"
Nepal,NP,"29,911,840"
Cameroon,CM,"29,442,327"
Ukraine,UA,"28,700,000"
Venezuela,VE,"28,517,000"
Australia,AU,"27,724,744"
Niger,NE,"27,522,750"
North Korea,KP,"25,950,000"
Syria,SY,"25,620,427"
Burkina Faso,BF,"24,070,553"
Taiwan,TW,"23,262,544"
Mali,ML,"22,395,489"
Sri Lanka,LK,"21,781,800"
Malawi,MW,"20,734,262"
Kazakhstan,KZ,"20,547,909"
Chile,CL,"20,206,953"
Zambia,ZM,"19,693,423"
Somalia,SO,"19,655,000"
Chad,TD,"19,340,757"
Senegal,SN,"19,075,959"
Romania,RO,"19,036,031"
Netherlands,NL,"18,140,853"
Ecuador,EC,"18,103,660"
Guatemala,GT,"18,312,373"
Cambodia,KH,"17,577,760"
Zimbabwe,ZW,"17,073,087"
Guinea,GN,"17,521,167"
South Sudan,SS,"15,786,898"
Rwanda,RW,"14,104,969"
Benin,BJ,"13,224,860"
Burundi,BI,"12,332,788"
Tunisia,TN,"11,972,169"
Jordan,JO,"11,937,000"
Belgium,BE,"11,933,850"
Haiti,HT,"11,867,032"
Bolivia,BO,"11,365,333"
United Arab Emirates,AE,"11,294,243"
Czech Republic,CZ,"10,915,839"
Dominican Republic,DO,"10,771,504"
Portugal,PT,"10,749,635"
Sweden,SE,"10,604,616"
Tajikistan,TJ,"10,499,000"
Greece,GR,"10,372,335"
Azerbaijan,AZ,"10,259,701"
Israel,IL,"10,244,000"
Papua New Guinea,PG,"10,185,363"
Honduras,HN,"10,186,738"
Cuba,CU,"9,748,007"
Hungary,HU,"9,489,000"
Austria,AT,"9,219,113"
Switzerland,CH,"9,124,288"
Sierra Leone,SL,"9,077,691"
Belarus,BY,"9,056,080"
Togo,TG,"8,095,498"
Laos,LA,"7,647,000"
Libya,LY,"7,459,000"
Kyrgyzstan,KG,"7,404,300"
Turkmenistan,TM,"7,057,841"
Nicaragua,NI,"6,874,748"
Serbia,RS,"6,567,783"
Central African Republic,CF,"6,470,307"
Bulgaria,BG,"6,423,207"
Republic of the Congo,CG,"6,142,180"
Singapore,SG,"6,110,200"
Paraguay,PY,"6,109,644"
Denmark,DK,"6,031,247"
El Salvador,SV,"6,029,976"
Finland,FI,"5,650,933"
Norway,NO,"5,633,770"
Lebanon,LB,"5,490,000"
Palestine,PS,"5,483,450"
Ireland,IE,"5,458,600"
Slovakia,SK,"5,409,407"
Oman,OM,"5,368,120"
New Zealand,NZ,"5,361,300"
Liberia,LR,"5,248,621"
Costa Rica,CR,"5,191,824"
Mauritania,MR,"4,927,532"
Kuwait,KW,"4,881,254"
Panama,PA,"4,064,780"
Georgia,GE,"3,941,100"
Croatia,HR,"3,866,233"
Eritrea,ER,"3,607,000"
Mongolia,MN,"3,544,835"
Uruguay,UY,"3,485,931"
Bosnia and Herzegovina,BA,"3,412,000"
Qatar,QA,"3,214,609"
Armenia,AM,"3,096,900"
Namibia,nan,"3,022,401"
Lithuania,LT,"2,884,324"
Jamaica,JM,"2,774,538"
Gabon,GA,"2,469,296"
Gambia,GM,"2,422,712"
Moldova,MD,"2,381,300"
Albania,AL,"2,363,314"
Botswana,BW,"2,359,609"
Slovenia,SI,"2,135,107"
Lesotho,LS,"2,116,427"
Guinea-Bissau,GW,"1,852,784"
North Macedonia,MK,"1,822,612"
Latvia,LV,"1,815,900"
Equatorial Guinea,GQ,"1,668,768"
Bahrain,BH,"1,594,654"
Kosovo,XK,"1,585,566"
Timor-Leste,TL,"1,391,221"
Trinidad and Tobago,TT,"1,367,764"
Estonia,EE,"1,360,745"
Mauritius,MU,"1,241,856"
Eswatini,SZ,"1,235,549"
Djibouti,DJ,"1,066,809"
Cyprus,CY,"983,000"
Guyana,GY,"956,044"
Comoros,KM,"944,388"
Fiji,FJ,"902,623"
Bhutan,BT,"784,043"
Solomon Islands,SB,"750,325"
Luxembourg,LU,"690,959"
Montenegro,ME,"623,327"
Suriname,SR,"616,500"
Malta,MT,"574,250"
Maldives,MV,"515,132"
Cape Verde,CV,"491,233"
Brunei,BN,"458,600"
Belize,BZ,"417,634"
Bahamas,BS,"398,165"
Iceland,IS,"395,050"
Vanuatu,VU,"321,409"
Barbados,BB,"261,692"
São Tomé and Príncipe,ST,"209,607"
Samoa,WS,"205,557"
Saint Lucia,LC,"184,100"
Curaçao (Netherlands),CW,"156,115"
Seychelles,SC,"123,097"
Kiribati,KI,"120,740"
Saint Vincent and the Grenadines,VC,"110,872"
Aruba (Netherlands),AW,"110,625"
Grenada,GD,"109,021"
Antigua and Barbuda,AG,"103,603"
Tonga,TO,"100,179"
Andorra,AD,"89,484"
Cayman Islands (UK),CK,"88,833"
Micronesia,FM,"75,817"
Dominica,DM,"71,946"
Greenland (Denmark),GL,"56,740"
Saint Kitts and Nevis,KN,"51,320"
Marshall Islands,MH,"42,418"
Sint Maarten (Netherlands),SX,"41,349"
Liechtenstein,LI,"41,237"
Monaco,MC,"38,857"
San Marino,SM,"34,154"
Palau,PW,"16,733"
Nauru,NR,"11,680"
Tuvalu,TV,"10,643"
Vatican City,VA,882
