countryLabel,isoCode,Total GDP (million US$)
United States,US,"32,383,920"
China,CN,"20,851,593"
Germany,DE,"5,452,858"
Japan,JP,"4,379,253"
United Kingdom,GB,"4,264,794"
India,IN,"4,153,191"
France,FR,"3,596,094"
Italy,IT,"2,738,164"
Russia,RU,"2,656,452"
Brazil,BR,"2,635,912"
Canada,CA,"2,507,340"
Australia,AU,"2,123,963"
Mexico,MX,"2,120,855"
Spain,ES,"2,091,222"
South Korea,KR,"1,931,008"
Turkey,TR,"1,640,223"
Indonesia,ID,"1,539,872"
Netherlands,NL,"1,449,704"
Saudi Arabia,SA,"1,388,676"
Switzerland,CH,"1,146,911"
Poland,PL,"1,134,248"
Taiwan,TW,"976,719"
Ireland,IE,"779,381"
Belgium,BE,"776,730"
Sweden,SE,"760,481"
Israel,IL,"719,848"
Argentina,AR,"688,378"
Singapore,SG,"659,572"
Austria,AT,"623,719"
United Arab Emirates,AE,"621,546"
Norway,NO,"599,406"
Thailand,TH,"579,996"
Colombia,CO,"539,530"
Vietnam,VN,"527,266"
Malaysia,MY,"516,428"
Philippines,PH,"512,222"
Bangladesh,BD,"510,705"
Denmark,DK,"503,772"
Romania,RO,"480,834"
South Africa,ZA,"479,964"
Pakistan,PK,"452,192"
Czech Republic,CZ,"432,597"
Egypt,EG,"429,645"
Chile,CL,"407,850"
Peru,PE,"380,900"
Portugal,PT,"380,637"
Nigeria,NG,"377,365"
Kazakhstan,KZ,"360,456"
Finland,FI,"337,669"
Algeria,DZ,"317,173"
Greece,GR,"307,554"
Iran,IR,"300,293"
New Zealand,NZ,"278,636"
Hungary,HU,"271,122"
Iraq,IQ,"264,784"
Cuba,CU,—N/a
Ukraine,UA,"225,337"
Qatar,QA,"217,416"
Morocco,MA,"194,333"
Uzbekistan,UZ,"181,502"
Kuwait,KW,"172,920"
Slovakia,SK,"168,897"
Angola,AO,"152,354"
Bulgaria,BG,"148,121"
Kenya,KE,"147,265"
Ecuador,EC,"138,194"
Dominican Republic,DO,"136,148"
Guatemala,GT,"128,886"
DR Congo,CD,"123,406"
Ethiopia,ET,"121,527"
Ghana,GH,"118,293"
Oman,OM,"117,176"
Croatia,HR,"116,574"
Ivory Coast,CI,"112,115"
Serbia,RS,"112,025"
Venezuela,VE,"111,303"
Luxembourg,LU,"110,417"
Costa Rica,CR,"109,931"
Lithuania,LT,"105,907"
Belarus,BY,"102,042"
Sri Lanka,LK,"98,964 (2024)"
Uruguay,UY,"96,092"
Panama,PA,"95,024"
Tanzania,TZ,"94,889"
Slovenia,SI,"86,732"
Myanmar,MM,"83,832"
Turkmenistan,TM,"83,065"
Bolivia,BO,"80,743"
Azerbaijan,AZ,"78,372"
Uganda,UG,"73,370"
Cameroon,CM,"65,135"
Jordan,JO,"64,909"
Tunisia,TN,"60,745"
Paraguay,PY,"60,542"
Zimbabwe,ZW,"56,713"
Latvia,LV,"53,686"
Libya,LY,"52,453"
Cambodia,KH,"52,379"
Estonia,EE,"51,634"
Bahrain,BH,"48,849"
Nepal,NP,"45,844"
Cyprus,CY,"45,171"
Sudan,SD,"44,688"
Iceland,IS,"43,800"
Georgia,GE,"42,716"
Honduras,HN,"41,505"
Zambia,ZM,"41,243"
Senegal,SN,"40,469"
El Salvador,SV,"39,838"
Haiti,HT,"39,180"
Bosnia and Herzegovina,BA,"36,771"
Lebanon,LB,"34,497 (2025)"
Papua New Guinea,PG,"34,403"
Guyana,GY,"33,961"
Mali,ML,"33,847"
Albania,AL,"33,333"
Burkina Faso,BF,"32,513"
Armenia,AM,"31,873"
Malta,MT,"30,712"
Guinea,GN,"29,930"
Mongolia,MN,"28,450"
Benin,BJ,"27,786"
Trinidad and Tobago,TT,"26,836"
Chad,TD,"25,628"
Niger,NE,"24,813"
Nicaragua,NI,"24,227"
Kyrgyzstan,KG,"23,606"
Gabon,GA,"23,363"
Mozambique,MZ,"23,275"
Jamaica,JM,"23,028"
Botswana,BW,"21,937"
Moldova,MD,"21,889"
North Macedonia,MK,"21,605"
Madagascar,MG,"21,185"
Tajikistan,TJ,"20,418"
Afghanistan,AF,"19,662 (2025)"
Laos,LA,"18,959"
Malawi,MW,"18,152"
Rwanda,RW,"17,336"
Namibia,nan,"17,314"
Syria,SY,—N/a
North Korea,KP,—N/a
Mauritius,MU,"17,119"
Bahamas,BS,"17,042"
Brunei,BN,"16,863"
Palestine,PS,"16,017 (2024)"
Mauritania,MR,"14,352"
Somalia,SO,"14,174"
Kosovo,XK,"14,053"
Equatorial Guinea,GQ,"13,722"
Togo,TG,"13,437"
Monaco,MC,—N/a
Montenegro,ME,"10,227"
Liechtenstein,LI,"9,442"
Barbados,BB,"8,483"
Sierra Leone,SL,"8,270"
Burundi,BI,"8,137"
Maldives,MV,"8,130"
Yemen,YE,"7,435"
Fiji,FJ,"6,352"
South Sudan,SS,"6,069"
Suriname,SR,"5,908"
Eswatini,SZ,"5,792"
Liberia,LR,"5,642"
Andorra,AD,"4,879"
Djibouti,DJ,"4,725"
U.S. Virgin Islands,CK,—N/a
Aruba,AW,"4,671"
Bhutan,BT,"3,856"
Curaçao,CW,—N/a
Central African Republic,CF,"3,492"
Greenland,GL,—N/a
Belize,BZ,"3,450"
Cape Verde,CV,"3,448"
Guinea-Bissau,GW,"2,985"
Lesotho,LS,"2,972"
Gambia,GM,"2,792"
Saint Lucia,LC,"2,765"
San Marino,SM,"2,417"
Antigua and Barbuda,AG,"2,385"
Seychelles,SC,"2,251"
Timor-Leste,TL,"2,170"
Eritrea,ER,—N/a
Solomon Islands,SB,"1,836"
Comoros,KM,"1,814"
Sint Maarten,SX,—N/a
Grenada,GD,"1,483"
Vanuatu,VU,"1,396"
Samoa,WS,"1,376"
Saint Vincent and the Grenadines,VC,"1,236"
São Tomé and Príncipe,ST,"1,161"
Saint Kitts and Nevis,KN,"1,143"
Dominica,DM,791
Tonga,TO,716
Federated States of Micronesia,FM,521
Kiribati,KI,401
Palau,PW,377
Marshall Islands,MH,342
Nauru,NR,196
Tuvalu,TV,65
